Category,Name,vp_name,ep_name,Directed,N,E,Community Size-SBM,Community Size-SBM_DC,Community Size-Louvain,Community Size-Infomap,Community Size-Spectral,Community Size-DNGR,Community Eligible Size-SBM,Community Eligible Size-SBM_DC,Community Eligible Size-Louvain,Community Eligible Size-Infomap,Community Eligible Size-Spectral,Community Eligible Size-DNGR,Description Length-SBM,Description Length-SBM_DC,Description Length-Louvain,Description Length-Infomap,Description Length-Spectral,Description Length-DNGR,Modularity-SBM,Modularity-SBM_DC,Modularity-Louvain,Modularity-Infomap,Modularity-Spectral,Modularity-DNGR,Interaction Fraction-SBM,Interaction Fraction-SBM_DC,Interaction Fraction-Louvain,Interaction Fraction-Infomap,Interaction Fraction-Spectral,Interaction Fraction-DNGR,Interaction Fraction All-SBM,Interaction Fraction All-SBM_DC,Interaction Fraction All-Louvain,Interaction Fraction All-Infomap,Interaction Fraction All-Spectral,Interaction Fraction All-DNGR
Social,facebook_friends,title,,FALSE,329,1954,17,10,9,20,8,10,14,10,8,13,7,9,4556.956536,5422.596383,5510.07097,5883.480538,5628.183146,5532.816312,-0.005647812,0.00111796,0.707235977,0.690354222,0.674807156,0.697124184,"{'Assortative': 0.978021978021978, 'Core-Periphery': 0.02197802197802198}","{'Assortative': 0.9555555555555556, 'Core-Periphery': 0.044444444444444446}",{'Assortative': 1.0},{'Assortative': 1.0},{'Assortative': 1.0},{'Assortative': 1.0},"{'U-A1': 0.978021978021978, 'U-C1': 0.02197802197802198}","{'U-A1': 0.9555555555555556, 'U-C1': 0.044444444444444446}",{'U-A1': 1.0},{'U-A1': 1.0},{'U-A1': 1.0},{'U-A1': 1.0}
Social,ego_socialgplus_100329698645326486178,title,,FALSE,2211,79585,99,87,10,11,24,10,87,82,10,9,24,10,222936.8158,227501.0102,248844.2177,259481.7977,247766.6725,251128.0299,-0.000263147,-0.000405583,0.294440202,0.090231567,0.222707128,0.213771561,"{'Assortative': 0.6273723603314622, 'Core-Periphery': 0.31141406041165465, 'Disassortative': 0.061213579256883185}","{'Assortative': 0.6193917494730503, 'Core-Periphery': 0.314062029509184, 'Disassortative': 0.06654622101776574}",{'Assortative': 1.0},{'Assortative': 1.0},"{'Assortative': 0.9963768115942029, 'Core-Periphery': 0.0036231884057971015}","{'Assortative': 0.9333333333333333, 'Core-Periphery': 0.06666666666666667}","{'U-A1': 0.6273723603314622, 'U-C1': 0.31141406041165465, 'U-D1': 0.061213579256883185}","{'U-A1': 0.6193917494730503, 'U-C1': 0.314062029509184, 'U-D1': 0.06654622101776574}",{'U-A1': 1.0},{'U-A1': 1.0},"{'U-A1': 0.9963768115942029, 'U-C1': 0.0036231884057971015}","{'U-A1': 0.9333333333333333, 'U-C1': 0.06666666666666667}"
Social,facebook_organizationsL1,title,,FALSE,5793,45266,69,56,20,254,45,10,68,56,17,205,45,10,137980.7497,149271.4634,171311.0095,208112.4073,166431.3297,176055.4921,0.047793102,0.050182955,0.756418079,0.701678708,0.631698766,0.711590298,"{'Assortative': 0.9640035118525022, 'Core-Periphery': 0.03511852502194908, 'Disassortative': 0.000877963125548727}","{'Assortative': 0.9883116883116884, 'Core-Periphery': 0.01103896103896104, 'Disassortative': 0.0006493506493506494}",{'Assortative': 1.0},{'Assortative': 1.0},"{'Assortative': 0.997979797979798, 'Core-Periphery': 0.00202020202020202}",{'Assortative': 1.0},"{'U-A1': 0.9640035118525022, 'U-C1': 0.03511852502194908, 'U-D1': 0.000877963125548727}","{'U-A1': 0.9883116883116884, 'U-C1': 0.01103896103896104, 'U-D1': 0.0006493506493506494}",{'U-A1': 1.0},{'U-A1': 1.0},"{'U-A1': 0.997979797979798, 'U-C1': 0.00202020202020202}",{'U-A1': 1.0}
Social,facebook_organizationsM1,title,,FALSE,1429,32876,91,76,9,32,30,10,67,71,9,29,30,10,88853.14185,91919.85439,107166.6537,100538.79,101269.9329,107105.7953,0.010088949,0.010547254,0.500558461,0.488581107,0.426877112,0.453033207,"{'Assortative': 0.9570330167345092, 'Core-Periphery': 0.04296698326549073}","{'Assortative': 0.986317907444668, 'Core-Periphery': 0.013279678068410463, 'Disassortative': 0.00040241448692152917}",{'Assortative': 1.0},{'Assortative': 1.0},{'Assortative': 1.0},{'Assortative': 1.0},"{'U-A1': 0.9570330167345092, 'U-C1': 0.04296698326549073}","{'U-A1': 0.986317907444668, 'U-C1': 0.013279678068410463, 'U-D1': 0.00040241448692152917}",{'U-A1': 1.0},{'U-A1': 1.0},{'U-A1': 1.0},{'U-A1': 1.0}
Social,facebook_organizationsM2,title,,FALSE,3862,87324,157,133,13,40,113,10,154,132,13,38,113,10,319469.0104,330919.3607,375137.5507,356979.6777,353934.4977,387818.3586,0.008551669,0.008749575,0.552747344,0.527972163,0.336442946,0.508955493,"{'Assortative': 0.9934640522875817, 'Core-Periphery': 0.006535947712418301}","{'Assortative': 0.998380754105945, 'Core-Periphery': 0.0016192458940550544}",{'Assortative': 1.0},{'Assortative': 1.0},"{'Assortative': 0.9998419721871049, 'Core-Periphery': 0.00015802781289506955}",{'Assortative': 1.0},"{'U-A1': 0.9934640522875817, 'U-C1': 0.006535947712418301}","{'U-A1': 0.998380754105945, 'U-C1': 0.0016192458940550544}",{'U-A1': 1.0},{'U-A1': 1.0},"{'U-A1': 0.9998419721871049, 'U-C1': 0.00015802781289506955}",{'U-A1': 1.0}
Social,facebook_organizationsS1,title,,FALSE,320,2369,21,17,9,15,8,10,18,15,9,13,8,10,6632.962069,7515.451568,7766.699981,8100.554806,7927.105787,7942.26485,0.022146906,0.027419652,0.44914802,0.351558963,0.338523966,0.31841852,"{'Assortative': 0.9607843137254902, 'Core-Periphery': 0.0392156862745098}","{'Assortative': 0.9428571428571428, 'Core-Periphery': 0.05714285714285714}",{'Assortative': 1.0},{'Assortative': 1.0},{'Assortative': 1.0},"{'Assortative': 0.9555555555555556, 'Core-Periphery': 0.022222222222222223, 'Disassortative': 0.022222222222222223}","{'U-A1': 0.9607843137254902, 'U-C1': 0.0392156862745098}","{'U-A1': 0.9428571428571428, 'U-C1': 0.05714285714285714}",{'U-A1': 1.0},{'U-A1': 1.0},{'U-A1': 1.0},"{'U-A1': 0.9555555555555556, 'U-C1': 0.022222222222222223, 'U-D1': 0.022222222222222223}"
Social,facebook_organizationsS2,title,,FALSE,165,726,9,7,6,8,4,10,7,7,6,7,4,10,1958.49433,2343.658572,2365.301632,2387.347984,2387.956665,2485.234773,0.010036503,0.039200229,0.508553795,0.508204699,0.405038363,0.372395063,"{'Assortative': 0.7142857142857143, 'Core-Periphery': 0.2857142857142857}","{'Assortative': 0.9047619047619048, 'Core-Periphery': 0.09523809523809523}",{'Assortative': 1.0},{'Assortative': 1.0},{'Assortative': 1.0},"{'Assortative': 0.9555555555555556, 'Core-Periphery': 0.044444444444444446}","{'U-A1': 0.7142857142857143, 'U-C1': 0.2857142857142857}","{'U-A1': 0.9047619047619048, 'U-C1': 0.09523809523809523}",{'U-A1': 1.0},{'U-A1': 1.0},{'U-A1': 1.0},"{'U-A1': 0.9555555555555556, 'U-C1': 0.044444444444444446}"
Social,facebook_organizationsL2,title,,FALSE,5524,94218,134,115,10,53,121,10,130,115,10,51,121,10,351793.3575,364655.4986,421448.0148,387769.5226,406899.2153,424962.8389,0.011863919,0.014426225,0.611571296,0.585681989,0.390869545,0.561780923,"{'Assortative': 0.986881335718545, 'Core-Periphery': 0.01311866428145498}","{'Assortative': 0.997864225781846, 'Core-Periphery': 0.0021357742181540807}",{'Assortative': 1.0},{'Assortative': 1.0},"{'Assortative': 0.9997245179063361, 'Core-Periphery': 0.0002754820936639118}",{'Assortative': 1.0},"{'U-A1': 0.986881335718545, 'U-C1': 0.01311866428145498}","{'U-A1': 0.997864225781846, 'U-C1': 0.0021357742181540807}",{'U-A1': 1.0},{'U-A1': 1.0},"{'U-A1': 0.9997245179063361, 'U-C1': 0.0002754820936639118}",{'U-A1': 1.0}
Social,anybeat,title,,TRUE,12645,67053,69,46,45,779,5,10,54,42,24,317,3,10,275784.9379,310089.7553,337145.5915,498334.1195,350829.4781,351609.4708,0.001024251,0.000441133,0.45495892,0.372745946,0.009938859,0.146585537,"{'Assortative': 0.5744234800838575, 'Core-Periphery': 0.22152341020265548, 'Disassortative': 0.02166317260656883, 'Source-Basin': 0.18238993710691823}","{'Assortative': 0.6480836236933798, 'Core-Periphery': 0.15563298490127758, 'Disassortative': 0.010452961672473868, 'Source-Basin': 0.18583042973286876}",{'Assortative': 1.0},{'Assortative': 1.0},{'Assortative': 1.0},"{'Assortative': 0.5333333333333333, 'Core-Periphery': 0.13333333333333333, 'Disassortative': 0.06666666666666667, 'Source-Basin': 0.26666666666666666}","{'D-A1': 0.33752620545073375, 'D-A2': 0.23689727463312368, 'D-C1': 0.12299091544374563, 'D-C2': 0.07407407407407407, 'D-C3': 0.020964360587002098, 'D-C4': 0.0034940600978336828, 'D-D1': 0.010482180293501049, 'D-D2': 0.011180992313067784, 'D-D3': 0.002795248078266946, 'D-D4': 0.0069881201956673656, 'D-D5': 0.1243885394828791, 'D-D6': 0.04821802935010482}","{'D-A1': 0.36469221835075494, 'D-A2': 0.28339140534262486, 'D-C1': 0.09407665505226481, 'D-C2': 0.05110336817653891, 'D-C3': 0.004645760743321719, 'D-C4': 0.005807200929152149, 'D-D1': 0.006968641114982578, 'D-D2': 0.003484320557491289, 'D-D3': 0.003484320557491289, 'D-D4': 0.009291521486643438, 'D-D5': 0.10569105691056911, 'D-D6': 0.06736353077816493}","{'D-A1': 0.40217391304347827, 'D-A2': 0.5978260869565217}","{'D-A1': 0.44793954398434693, 'D-A2': 0.5520604560156531}","{'D-A1': 0.3333333333333333, 'D-A2': 0.6666666666666666}","{'D-A1': 0.4, 'D-A2': 0.13333333333333333, 'D-C1': 0.08888888888888889, 'D-C2': 0.044444444444444446, 'D-D1': 0.022222222222222223, 'D-D2': 0.044444444444444446, 'D-D5': 0.08888888888888889, 'D-D6': 0.17777777777777778}"
Social,qa_usermathoverflow_c2a,title,,TRUE,13599,139534,135,91,38,539,11,10,80,82,10,191,11,10,530676.7947,561592.3694,612960.6242,848774.0844,600662.3505,640646.5821,0.000257648,-0.000153487,0.324214342,0.235006984,0.273054851,0.009507032,"{'Assortative': 0.4860759493670886, 'Core-Periphery': 0.19240506329113924, 'Disassortative': 0.004113924050632912, 'Source-Basin': 0.31740506329113927}","{'Assortative': 0.7383318277627221, 'Core-Periphery': 0.12345679012345678, 'Disassortative': 0.0015055706112616681, 'Source-Basin': 0.13670581150255948}",{'Assortative': 1.0},"{'Assortative': 0.9993386607880959, 'Core-Periphery': 0.000606227610912097, 'Source-Basin': 5.511160099200882e-05}","{'Assortative': 0.8909090909090909, 'Core-Periphery': 0.05454545454545454, 'Source-Basin': 0.05454545454545454}","{'Core-Periphery': 0.3111111111111111, 'Source-Basin': 0.6888888888888889}","{'D-A1': 0.29968354430379746, 'D-A2': 0.18639240506329113, 'D-C1': 0.09240506329113925, 'D-C2': 0.0889240506329114, 'D-C3': 0.005379746835443038, 'D-C4': 0.00569620253164557, 'D-D1': 0.0012658227848101266, 'D-D2': 0.002848101265822785, 'D-D3': 0.006645569620253164, 'D-D4': 0.007278481012658228, 'D-D5': 0.15253164556962026, 'D-D6': 0.1509493670886076}","{'D-A1': 0.3866305329719964, 'D-A2': 0.3517012947907257, 'D-C1': 0.06383619391749473, 'D-C2': 0.057512797350195724, 'D-C3': 0.0012044564890093346, 'D-C4': 0.0009033423667570009, 'D-D1': 0.00030111412225233364, 'D-D2': 0.0012044564890093346, 'D-D3': 0.0006022282445046673, 'D-D4': 0.0009033423667570009, 'D-D5': 0.08250526949713942, 'D-D6': 0.05269497139415839}","{'D-A1': 0.4666666666666667, 'D-A2': 0.5333333333333333}","{'D-A1': 0.3698815100578672, 'D-A2': 0.6294571507302287, 'D-C2': 0.000606227610912097, 'D-D6': 5.511160099200882e-05}","{'D-A1': 0.34545454545454546, 'D-A2': 0.5454545454545454, 'D-C1': 0.03636363636363636, 'D-C2': 0.01818181818181818, 'D-D5': 0.03636363636363636, 'D-D6': 0.01818181818181818}","{'D-C1': 0.08888888888888889, 'D-C2': 0.17777777777777778, 'D-C4': 0.044444444444444446, 'D-D3': 0.06666666666666667, 'D-D5': 0.5111111111111111, 'D-D6': 0.1111111111111111}"
Social,inploid,title,,TRUE,14360,57101,53,51,53,771,4,10,45,50,49,378,4,10,261356.8841,301577.335,321594.4103,461591.164,323778.5811,335813.8796,0.004260302,0.007412925,0.479525195,0.355881443,0.089859113,0.047391619,"{'Assortative': 0.5474747474747474, 'Core-Periphery': 0.21717171717171718, 'Disassortative': 0.00909090909090909, 'Source-Basin': 0.22626262626262628}","{'Assortative': 0.8, 'Core-Periphery': 0.10530612244897959, 'Source-Basin': 0.0946938775510204}",{'Assortative': 1.0},"{'Assortative': 0.9998877240256551, 'Core-Periphery': 9.824147755182238e-05, 'Source-Basin': 1.4034496793117482e-05}",{'Assortative': 1.0},"{'Assortative': 0.13333333333333333, 'Core-Periphery': 0.4222222222222222, 'Source-Basin': 0.4444444444444444}","{'D-A1': 0.3191919191919192, 'D-A2': 0.22828282828282828, 'D-C1': 0.10808080808080808, 'D-C2': 0.09797979797979799, 'D-C3': 0.006060606060606061, 'D-C4': 0.005050505050505051, 'D-D1': 0.00404040404040404, 'D-D2': 0.005050505050505051, 'D-D3': 0.014141414141414142, 'D-D4': 0.020202020202020204, 'D-D5': 0.10707070707070707, 'D-D6': 0.08484848484848485}","{'D-A1': 0.4440816326530612, 'D-A2': 0.35591836734693877, 'D-C1': 0.04326530612244898, 'D-C2': 0.05795918367346939, 'D-C3': 0.0032653061224489797, 'D-C4': 0.0008163265306122449, 'D-D3': 0.0008163265306122449, 'D-D4': 0.004897959183673469, 'D-D5': 0.04244897959183674, 'D-D6': 0.04653061224489796}","{'D-A1': 0.31037414965986393, 'D-A2': 0.689625850340136}","{'D-A1': 0.48704615945995255, 'D-A2': 0.5128415645657025, 'D-C2': 9.824147755182238e-05, 'D-D6': 1.4034496793117482e-05}","{'D-A1': 0.16666666666666666, 'D-A2': 0.8333333333333334}","{'D-A1': 0.08888888888888889, 'D-A2': 0.044444444444444446, 'D-C1': 0.13333333333333333, 'D-C2': 0.28888888888888886, 'D-D3': 0.022222222222222223, 'D-D5': 0.2, 'D-D6': 0.2222222222222222}"
Economic,faculty_hiring_usdomain_natural_sciences,title,total,TRUE,2142,30381,35,18,7,4,2,10,22,17,7,2,2,10,77545.49361,82145.18415,84735.2564,82313.53687,82856.37126,86700.3205,-0.002612404,-0.000351992,0.130368866,0.000285228,0.102305002,0.015770593,"{'Assortative': 0.16883116883116883, 'Core-Periphery': 0.42424242424242425, 'Source-Basin': 0.4069264069264069}","{'Assortative': 0.27205882352941174, 'Core-Periphery': 0.4338235294117647, 'Source-Basin': 0.29411764705882354}","{'Assortative': 0.8571428571428571, 'Core-Periphery': 0.14285714285714285}",{'Assortative': 1.0},{'Assortative': 1.0},"{'Assortative': 0.17777777777777778, 'Core-Periphery': 0.35555555555555557, 'Source-Basin': 0.4666666666666667}","{'D-A1': 0.09523809523809523, 'D-A2': 0.0735930735930736, 'D-C1': 0.17316017316017315, 'D-C2': 0.24242424242424243, 'D-C3': 0.004329004329004329, 'D-C4': 0.004329004329004329, 'D-D4': 0.047619047619047616, 'D-D5': 0.2943722943722944, 'D-D6': 0.06493506493506493}","{'D-A1': 0.058823529411764705, 'D-A2': 0.21323529411764705, 'D-C1': 0.1323529411764706, 'D-C2': 0.27941176470588236, 'D-C4': 0.022058823529411766, 'D-D3': 0.007352941176470588, 'D-D5': 0.20588235294117646, 'D-D6': 0.08088235294117647}","{'D-A1': 0.47619047619047616, 'D-A2': 0.38095238095238093, 'D-C2': 0.14285714285714285}",{'D-A1': 1.0},{'D-A2': 1.0},"{'D-A1': 0.08888888888888889, 'D-A2': 0.08888888888888889, 'D-C1': 0.24444444444444444, 'D-C2': 0.1111111111111111, 'D-D4': 0.022222222222222223, 'D-D5': 0.3111111111111111, 'D-D6': 0.13333333333333333}"
Economic,faculty_hiringbusiness,title,,TRUE,113,8539,19,10,3,10,1,10,9,7,3,1,1,6,9774.928994,10118.06882,11088.40145,11844.538,11319.94959,11449.17139,0.012668203,0.050091335,0.097440074,0.00213828,0,0.041747151,"{'Assortative': 0.05555555555555555, 'Core-Periphery': 0.8055555555555556, 'Source-Basin': 0.1388888888888889}","{'Assortative': 0.6190476190476191, 'Core-Periphery': 0.3333333333333333, 'Source-Basin': 0.047619047619047616}","{'Assortative': 0.3333333333333333, 'Core-Periphery': 0.6666666666666666}",0,0,"{'Core-Periphery': 0.8, 'Source-Basin': 0.2}","{'D-A1': 0.027777777777777776, 'D-A2': 0.027777777777777776, 'D-C1': 0.08333333333333333, 'D-C2': 0.6111111111111112, 'D-C3': 0.027777777777777776, 'D-C4': 0.08333333333333333, 'D-D6': 0.1388888888888889}","{'D-A1': 0.42857142857142855, 'D-A2': 0.19047619047619047, 'D-C2': 0.23809523809523808, 'D-C4': 0.09523809523809523, 'D-D3': 0.047619047619047616}","{'D-A1': 0.3333333333333333, 'D-C2': 0.6666666666666666}",0,0,"{'D-C1': 0.06666666666666667, 'D-C2': 0.4666666666666667, 'D-C3': 0.26666666666666666, 'D-D3': 0.13333333333333333, 'D-D6': 0.06666666666666667}"
Economic,faculty_hiringcomputer_science,title,,TRUE,206,4633,14,9,5,34,2,10,10,8,5,9,2,10,9451.991121,10528.26868,11243.2215,13349.00508,11082.85429,11694.04433,0.033458285,0.067675513,0.171052102,0.113788476,0.071231272,0.046798704,"{'Assortative': 0.3333333333333333, 'Core-Periphery': 0.6, 'Source-Basin': 0.06666666666666667}","{'Assortative': 0.5, 'Core-Periphery': 0.5}",{'Assortative': 1.0},"{'Assortative': 0.9722222222222222, 'Core-Periphery': 0.027777777777777776}",{'Assortative': 1.0},"{'Assortative': 0.3333333333333333, 'Core-Periphery': 0.5555555555555556, 'Source-Basin': 0.1111111111111111}","{'D-A1': 0.1111111111111111, 'D-A2': 0.2222222222222222, 'D-C1': 0.06666666666666667, 'D-C2': 0.4888888888888889, 'D-C4': 0.044444444444444446, 'D-D3': 0.022222222222222223, 'D-D6': 0.044444444444444446}","{'D-A1': 0.17857142857142858, 'D-A2': 0.32142857142857145, 'D-C2': 0.42857142857142855, 'D-C4': 0.07142857142857142}","{'D-A1': 0.1, 'D-A2': 0.9}","{'D-A1': 0.3055555555555556, 'D-A2': 0.6666666666666666, 'D-C2': 0.027777777777777776}",{'D-A1': 1.0},"{'D-A1': 0.13333333333333333, 'D-A2': 0.2, 'D-C1': 0.08888888888888889, 'D-C2': 0.3333333333333333, 'D-C4': 0.13333333333333333, 'D-D3': 0.044444444444444446, 'D-D5': 0.022222222222222223, 'D-D6': 0.044444444444444446}"
Economic,faculty_hiringhistory,title,,TRUE,145,4347,10,5,5,24,1,10,5,4,5,4,1,8,6793.814805,7613.13104,8052.905453,9416.345382,7811.420439,8229.368568,-0.005105184,0.017670865,0.098603029,0.035346479,0,0.000215939,"{'Core-Periphery': 0.9, 'Source-Basin': 0.1}",{'Core-Periphery': 1.0},"{'Assortative': 0.6, 'Core-Periphery': 0.4}","{'Assortative': 0.6666666666666666, 'Core-Periphery': 0.3333333333333333}",0,"{'Core-Periphery': 0.8214285714285714, 'Disassortative': 0.03571428571428571, 'Source-Basin': 0.14285714285714285}","{'D-C1': 0.2, 'D-C2': 0.3, 'D-C4': 0.4, 'D-D3': 0.1}","{'D-C2': 0.8333333333333334, 'D-C4': 0.16666666666666666}","{'D-A1': 0.1, 'D-A2': 0.5, 'D-C2': 0.4}","{'D-A2': 0.6666666666666666, 'D-C2': 0.3333333333333333}",0,"{'D-C1': 0.2857142857142857, 'D-C2': 0.32142857142857145, 'D-C3': 0.07142857142857142, 'D-C4': 0.14285714285714285, 'D-D1': 0.03571428571428571, 'D-D3': 0.03571428571428571, 'D-D5': 0.07142857142857142, 'D-D6': 0.03571428571428571}"
Economic,un_migrations,title,migration_2015_total,TRUE,232,11228,231,227,9,17,80,10,0,0,6,10,6,10,30885.26578,30632.89836,21542.6888,21422.29015,29570.22208,20811.33645,-0.012069078,-0.012103764,0.517226794,0.530926351,0.180040539,0.286215732,0,0,{'Assortative': 1.0},{'Assortative': 1.0},"{'Assortative': 0.7333333333333333, 'Source-Basin': 0.26666666666666666}","{'Assortative': 0.7777777777777778, 'Core-Periphery': 0.08888888888888889, 'Source-Basin': 0.13333333333333333}",0,0,"{'D-A1': 0.26666666666666666, 'D-A2': 0.7333333333333333}","{'D-A1': 0.4222222222222222, 'D-A2': 0.5777777777777777}","{'D-A1': 0.2, 'D-A2': 0.5333333333333333, 'D-D5': 0.2, 'D-D6': 0.06666666666666667}","{'D-A1': 0.35555555555555557, 'D-A2': 0.4222222222222222, 'D-C1': 0.022222222222222223, 'D-C2': 0.044444444444444446, 'D-C4': 0.022222222222222223, 'D-D4': 0.022222222222222223, 'D-D5': 0.044444444444444446, 'D-D6': 0.06666666666666667}"
Biological,blumenau_drug,title,weight,FALSE,75,181,21,19,5,9,9,10,4,3,4,6,7,5,661.2529625,749.1540641,697.7545581,745.7879133,742.1273712,777.1808681,-0.041762882,-0.003838122,0.46322572,0.457549245,0.448072978,0.119686437,{'Assortative': 1.0},{'Assortative': 1.0},{'Assortative': 1.0},{'Assortative': 1.0},{'Assortative': 1.0},"{'Assortative': 0.4, 'Core-Periphery': 0.6}",{'U-A1': 1.0},{'U-A1': 1.0},{'U-A1': 1.0},{'U-A1': 1.0},{'U-A1': 1.0},"{'U-A1': 0.4, 'U-C1': 0.6}"
Biological,celegans_metabolic,title,,FALSE,453,4574,38,32,10,37,3,10,18,21,8,20,2,10,9807.755087,10835.77449,12420.65972,13304.13605,13491.63332,12727.99645,0.015758573,0.019984393,0.425037159,0.409045816,0.036826581,0.242512178,{'Assortative': 1.0},"{'Assortative': 0.9333333333333333, 'Core-Periphery': 0.05714285714285714, 'Disassortative': 0.009523809523809525}",{'Assortative': 1.0},{'Assortative': 1.0},{'Assortative': 1.0},"{'Assortative': 0.8444444444444444, 'Core-Periphery': 0.15555555555555556}",{'U-A1': 1.0},"{'U-A1': 0.9333333333333333, 'U-C1': 0.05714285714285714, 'U-D1': 0.009523809523809525}",{'U-A1': 1.0},{'U-A1': 1.0},{'U-A1': 1.0},"{'U-A1': 0.8444444444444444, 'U-C1': 0.15555555555555556}"
Biological,celegansneural,title,value,TRUE,297,2359,40,29,7,18,31,10,21,18,7,15,19,9,8170.072699,9216.722256,9511.579926,9583.526807,10442.14215,9819.82627,-0.006847295,0.000701838,0.477913957,0.430771812,0.304296208,0.129168521,"{'Assortative': 0.8285714285714286, 'Core-Periphery': 0.09047619047619047, 'Disassortative': 0.004761904761904762, 'Source-Basin': 0.0761904761904762}","{'Assortative': 0.7581699346405228, 'Core-Periphery': 0.09803921568627451, 'Disassortative': 0.026143790849673203, 'Source-Basin': 0.11764705882352941}",{'Assortative': 1.0},"{'Assortative': 0.9619047619047619, 'Core-Periphery': 0.0380952380952381}","{'Assortative': 0.9649122807017544, 'Core-Periphery': 0.03508771929824561}","{'Assortative': 0.5555555555555556, 'Core-Periphery': 0.3333333333333333, 'Source-Basin': 0.1111111111111111}","{'D-A1': 0.5142857142857142, 'D-A2': 0.3142857142857143, 'D-C1': 0.05714285714285714, 'D-C2': 0.02857142857142857, 'D-C3': 0.004761904761904762, 'D-D1': 0.004761904761904762, 'D-D3': 0.009523809523809525, 'D-D5': 0.03333333333333333, 'D-D6': 0.03333333333333333}","{'D-A1': 0.43790849673202614, 'D-A2': 0.3202614379084967, 'D-C1': 0.013071895424836602, 'D-C2': 0.0784313725490196, 'D-C4': 0.006535947712418301, 'D-D1': 0.006535947712418301, 'D-D2': 0.0196078431372549, 'D-D3': 0.026143790849673203, 'D-D4': 0.006535947712418301, 'D-D5': 0.013071895424836602, 'D-D6': 0.0718954248366013}","{'D-A1': 0.47619047619047616, 'D-A2': 0.5238095238095238}","{'D-A1': 0.6, 'D-A2': 0.3619047619047619, 'D-C2': 0.0380952380952381}","{'D-A1': 0.32748538011695905, 'D-A2': 0.6374269005847953, 'D-C2': 0.03508771929824561}","{'D-A1': 0.2222222222222222, 'D-A2': 0.3333333333333333, 'D-C1': 0.19444444444444445, 'D-C2': 0.08333333333333333, 'D-C4': 0.05555555555555555, 'D-D5': 0.05555555555555555, 'D-D6': 0.05555555555555555}"
Biological,cintestinalis,title,depth,TRUE,205,2854,11,8,5,9,6,10,7,6,5,6,6,10,8304.660724,9504.679884,9145.914764,9277.025955,9179.405432,9380.871106,0.03127161,0.052960204,0.437152233,0.394113039,0.380528331,0.191481321,"{'Assortative': 0.5714285714285714, 'Core-Periphery': 0.14285714285714285, 'Source-Basin': 0.2857142857142857}","{'Assortative': 0.6, 'Core-Periphery': 0.2, 'Disassortative': 0.06666666666666667, 'Source-Basin': 0.13333333333333333}",{'Assortative': 1.0},{'Assortative': 1.0},"{'Assortative': 0.9333333333333333, 'Source-Basin': 0.06666666666666667}","{'Assortative': 0.7777777777777778, 'Core-Periphery': 0.17777777777777778, 'Source-Basin': 0.044444444444444446}","{'D-A1': 0.23809523809523808, 'D-A2': 0.3333333333333333, 'D-C1': 0.047619047619047616, 'D-C2': 0.09523809523809523, 'D-D4': 0.09523809523809523, 'D-D5': 0.09523809523809523, 'D-D6': 0.09523809523809523}","{'D-A1': 0.5333333333333333, 'D-A2': 0.06666666666666667, 'D-C2': 0.2, 'D-D1': 0.06666666666666667, 'D-D5': 0.06666666666666667, 'D-D6': 0.06666666666666667}","{'D-A1': 0.6, 'D-A2': 0.4}","{'D-A1': 0.6, 'D-A2': 0.4}","{'D-A1': 0.5333333333333333, 'D-A2': 0.4, 'D-D6': 0.06666666666666667}","{'D-A1': 0.5555555555555556, 'D-A2': 0.2222222222222222, 'D-C1': 0.08888888888888889, 'D-C2': 0.06666666666666667, 'D-C4': 0.022222222222222223, 'D-D3': 0.022222222222222223, 'D-D5': 0.022222222222222223}"
Biological,foodweb_little_rock,title,,TRUE,183,2476,18,12,3,6,4,10,13,9,3,5,4,10,4024.425844,4615.269563,5797.571404,5550.869959,5588.841814,5808.230092,0.011089986,0.02468463,0.35419543,0.319243738,0.353553239,0.067649924,"{'Assortative': 0.5769230769230769, 'Core-Periphery': 0.0641025641025641, 'Disassortative': 0.08974358974358974, 'Source-Basin': 0.2692307692307692}","{'Assortative': 0.5555555555555556, 'Core-Periphery': 0.16666666666666666, 'Disassortative': 0.027777777777777776, 'Source-Basin': 0.25}",{'Assortative': 1.0},"{'Assortative': 0.5, 'Source-Basin': 0.5}",{'Assortative': 1.0},"{'Assortative': 0.35555555555555557, 'Core-Periphery': 0.15555555555555556, 'Disassortative': 0.022222222222222223, 'Source-Basin': 0.4666666666666667}","{'D-A1': 0.46153846153846156, 'D-A2': 0.11538461538461539, 'D-C1': 0.01282051282051282, 'D-C2': 0.01282051282051282, 'D-C3': 0.02564102564102564, 'D-C4': 0.01282051282051282, 'D-D1': 0.01282051282051282, 'D-D2': 0.07692307692307693, 'D-D3': 0.05128205128205128, 'D-D4': 0.14102564102564102, 'D-D5': 0.038461538461538464, 'D-D6': 0.038461538461538464}","{'D-A1': 0.4444444444444444, 'D-A2': 0.1111111111111111, 'D-C1': 0.05555555555555555, 'D-C2': 0.05555555555555555, 'D-C4': 0.05555555555555555, 'D-D2': 0.027777777777777776, 'D-D3': 0.16666666666666666, 'D-D4': 0.08333333333333333}","{'D-A1': 0.6666666666666666, 'D-A2': 0.3333333333333333}","{'D-A1': 0.3, 'D-A2': 0.2, 'D-D3': 0.1, 'D-D6': 0.4}","{'D-A1': 0.8333333333333334, 'D-A2': 0.16666666666666666}","{'D-A1': 0.26666666666666666, 'D-A2': 0.08888888888888889, 'D-C2': 0.022222222222222223, 'D-C4': 0.13333333333333333, 'D-D2': 0.022222222222222223, 'D-D3': 0.2222222222222222, 'D-D4': 0.08888888888888889, 'D-D5': 0.022222222222222223, 'D-D6': 0.13333333333333333}"
Biological,fresh_websAkatoreA,title,,TRUE,84,227,5,2,6,26,1,10,4,2,6,5,1,6,535.8352954,697.2547458,837.7409696,1126.281561,726.1087197,927.9018851,-0.000446351,-0.003376739,0.334840575,0.212191193,0,-0.01366221,"{'Assortative': 0.16666666666666666, 'Disassortative': 0.3333333333333333, 'Source-Basin': 0.5}",{'Disassortative': 1.0},{'Assortative': 1.0},"{'Assortative': 0.8, 'Source-Basin': 0.2}",0,"{'Assortative': 0.5333333333333333, 'Core-Periphery': 0.06666666666666667, 'Disassortative': 0.26666666666666666, 'Source-Basin': 0.13333333333333333}","{'D-A1': 0.16666666666666666, 'D-D1': 0.16666666666666666, 'D-D2': 0.16666666666666666, 'D-D4': 0.16666666666666666, 'D-D5': 0.3333333333333333}",{'D-D1': 1.0},"{'D-A1': 0.6, 'D-A2': 0.4}","{'D-A1': 0.6, 'D-A2': 0.2, 'D-D3': 0.1, 'D-D6': 0.1}",0,"{'D-A1': 0.5333333333333333, 'D-C4': 0.06666666666666667, 'D-D1': 0.06666666666666667, 'D-D2': 0.2, 'D-D4': 0.13333333333333333}"
Biological,fullerene_structuresC1500,title,,FALSE,1500,2250,13,9,18,117,25,10,13,9,18,117,25,10,13358.03865,13872.30892,14140.12571,18659.6005,14471.90858,13874.31166,0.05448,0.032511111,0.836985778,0.741339556,0.836564444,0.814656889,"{'Assortative': 0.5128205128205128, 'Core-Periphery': 0.2692307692307692, 'Disassortative': 0.21794871794871795}","{'Assortative': 0.3888888888888889, 'Core-Periphery': 0.4166666666666667, 'Disassortative': 0.19444444444444445}",{'Assortative': 1.0},{'Assortative': 1.0},{'Assortative': 1.0},{'Assortative': 1.0},"{'U-A1': 0.5128205128205128, 'U-C1': 0.2692307692307692, 'U-D1': 0.21794871794871795}","{'U-A1': 0.3888888888888889, 'U-C1': 0.4166666666666667, 'U-D1': 0.19444444444444445}",{'U-A1': 1.0},{'U-A1': 1.0},{'U-A1': 1.0},{'U-A1': 1.0}
Biological,human_brainsBNU1_0025864_1_DTI_AAL,title,,FALSE,116,1563,12,8,4,2,4,10,10,7,4,2,4,8,2605.196787,3000.965446,3138.926501,3282.024818,3132.178741,3209.112254,0.008175912,0.008716034,0.376567406,0.182735024,0.379093431,0.190558292,"{'Assortative': 0.8888888888888888, 'Core-Periphery': 0.1111111111111111}","{'Assortative': 0.9523809523809523, 'Core-Periphery': 0.047619047619047616}",{'Assortative': 1.0},{'Assortative': 1.0},{'Assortative': 1.0},{'Assortative': 1.0},"{'U-A1': 0.8888888888888888, 'U-C1': 0.1111111111111111}","{'U-A1': 0.9523809523809523, 'U-C1': 0.047619047619047616}",{'U-A1': 1.0},{'U-A1': 1.0},{'U-A1': 1.0},{'U-A1': 1.0}
Biological,interactome_figeys,title,,TRUE,2217,6438,16,8,13,511,4,10,13,8,12,106,4,9,25004.18457,29182.25901,30790.76938,52991.89044,29749.16198,30484.89162,0.014146647,0.010060427,0.462669084,0.294345925,0.436085047,0.009055767,"{'Assortative': 0.16666666666666666, 'Core-Periphery': 0.16666666666666666, 'Disassortative': 0.10256410256410256, 'Source-Basin': 0.5641025641025641}","{'Assortative': 0.10714285714285714, 'Core-Periphery': 0.35714285714285715, 'Disassortative': 0.03571428571428571, 'Source-Basin': 0.5}",{'Assortative': 1.0},"{'Assortative': 0.9994609164420485, 'Core-Periphery': 0.00017969451931716083, 'Source-Basin': 0.00035938903863432165}",{'Assortative': 1.0},"{'Assortative': 0.19444444444444445, 'Core-Periphery': 0.027777777777777776, 'Source-Basin': 0.7777777777777778}","{'D-A1': 0.15384615384615385, 'D-A2': 0.01282051282051282, 'D-C1': 0.0641025641025641, 'D-C2': 0.038461538461538464, 'D-C3': 0.038461538461538464, 'D-C4': 0.02564102564102564, 'D-D1': 0.02564102564102564, 'D-D2': 0.07692307692307693, 'D-D3': 0.05128205128205128, 'D-D4': 0.16666666666666666, 'D-D5': 0.24358974358974358, 'D-D6': 0.10256410256410256}","{'D-A1': 0.07142857142857142, 'D-A2': 0.03571428571428571, 'D-C1': 0.03571428571428571, 'D-C2': 0.25, 'D-C3': 0.03571428571428571, 'D-C4': 0.03571428571428571, 'D-D1': 0.03571428571428571, 'D-D3': 0.14285714285714285, 'D-D4': 0.10714285714285714, 'D-D5': 0.10714285714285714, 'D-D6': 0.14285714285714285}","{'D-A1': 0.24242424242424243, 'D-A2': 0.7575757575757576}","{'D-A1': 0.49101527403414197, 'D-A2': 0.5084456424079066, 'D-C2': 0.00017969451931716083, 'D-D6': 0.00035938903863432165}","{'D-A1': 0.6666666666666666, 'D-A2': 0.3333333333333333}","{'D-A1': 0.16666666666666666, 'D-A2': 0.027777777777777776, 'D-C2': 0.027777777777777776, 'D-D3': 0.08333333333333333, 'D-D4': 0.1111111111111111, 'D-D5': 0.1111111111111111, 'D-D6': 0.4722222222222222}"
Biological,interactome_pdz,title,,FALSE,161,209,4,2,11,17,1,10,4,2,11,13,1,10,710.1090523,924.4438244,1116.603609,1207.678736,981.7113844,1137.909313,0.03597674,0.020867196,0.744728829,0.743114855,0,0.646596919,"{'Assortative': 0.3333333333333333, 'Core-Periphery': 0.3333333333333333, 'Disassortative': 0.3333333333333333}",{'Disassortative': 1.0},{'Assortative': 1.0},{'Assortative': 1.0},0,"{'Assortative': 0.9555555555555556, 'Core-Periphery': 0.044444444444444446}","{'U-A1': 0.3333333333333333, 'U-C1': 0.3333333333333333, 'U-D1': 0.3333333333333333}",{'U-D1': 1.0},{'U-A1': 1.0},{'U-A1': 1.0},0,"{'U-A1': 0.9555555555555556, 'U-C1': 0.044444444444444446}"
Biological,interactome_stelzl,title,,TRUE,1615,6075,31,20,24,155,2,10,28,20,22,116,2,10,27065.83653,32316.86995,34087.93481,42356.07604,36046.96038,35628.96157,-0.001965933,-0.001166814,0.598788098,0.552367044,0.130774753,0.339425413,"{'Assortative': 0.4126984126984127, 'Core-Periphery': 0.042328042328042326, 'Disassortative': 0.3835978835978836, 'Source-Basin': 0.16137566137566137}","{'Assortative': 0.32105263157894737, 'Core-Periphery': 0.06315789473684211, 'Disassortative': 0.30526315789473685, 'Source-Basin': 0.3105263157894737}",{'Assortative': 1.0},{'Assortative': 1.0},{'Assortative': 1.0},"{'Assortative': 0.9111111111111111, 'Core-Periphery': 0.022222222222222223, 'Source-Basin': 0.06666666666666667}","{'D-A1': 0.26455026455026454, 'D-A2': 0.14814814814814814, 'D-C1': 0.03968253968253968, 'D-C3': 0.0026455026455026454, 'D-D1': 0.2804232804232804, 'D-D2': 0.10317460317460317, 'D-D4': 0.0026455026455026454, 'D-D5': 0.15873015873015872}","{'D-A1': 0.17894736842105263, 'D-A2': 0.14210526315789473, 'D-C1': 0.06315789473684211, 'D-D1': 0.20526315789473684, 'D-D2': 0.1, 'D-D5': 0.3105263157894737}","{'D-A1': 0.2943722943722944, 'D-A2': 0.7056277056277056}","{'D-A1': 0.4524737631184408, 'D-A2': 0.5475262368815592}",{'D-A1': 1.0},"{'D-A1': 0.5777777777777777, 'D-A2': 0.3333333333333333, 'D-C1': 0.022222222222222223, 'D-D5': 0.06666666666666667}"
Biological,messal_shale,title,,TRUE,700,6414,40,30,7,97,8,10,32,30,7,27,8,10,22152.15557,24466.14335,26606.49746,36585.50101,26657.3475,28744.44787,0.024807875,0.016107431,0.347433103,0.167628081,0.314456683,0.010287973,"{'Assortative': 0.4314516129032258, 'Core-Periphery': 0.15120967741935484, 'Disassortative': 0.11088709677419355, 'Source-Basin': 0.3064516129032258}","{'Assortative': 0.32413793103448274, 'Core-Periphery': 0.1310344827586207, 'Disassortative': 0.19310344827586207, 'Source-Basin': 0.35172413793103446}",{'Assortative': 1.0},"{'Assortative': 0.9515669515669516, 'Core-Periphery': 0.04843304843304843}",{'Assortative': 1.0},"{'Assortative': 0.17777777777777778, 'Core-Periphery': 0.15555555555555556, 'Disassortative': 0.044444444444444446, 'Source-Basin': 0.6222222222222222}","{'D-A1': 0.2923387096774194, 'D-A2': 0.13911290322580644, 'D-C1': 0.04435483870967742, 'D-C2': 0.028225806451612902, 'D-C3': 0.046370967741935484, 'D-C4': 0.03225806451612903, 'D-D1': 0.04233870967741935, 'D-D2': 0.06854838709677419, 'D-D3': 0.056451612903225805, 'D-D4': 0.10685483870967742, 'D-D5': 0.0907258064516129, 'D-D6': 0.05241935483870968}","{'D-A1': 0.19770114942528735, 'D-A2': 0.12643678160919541, 'D-C1': 0.05747126436781609, 'D-C2': 0.022988505747126436, 'D-C3': 0.03218390804597701, 'D-C4': 0.01839080459770115, 'D-D1': 0.09195402298850575, 'D-D2': 0.10114942528735632, 'D-D3': 0.041379310344827586, 'D-D4': 0.09195402298850575, 'D-D5': 0.1471264367816092, 'D-D6': 0.07126436781609195}","{'D-A1': 0.38095238095238093, 'D-A2': 0.6190476190476191}","{'D-A1': 0.5327635327635327, 'D-A2': 0.4188034188034188, 'D-C2': 0.04843304843304843}","{'D-A1': 0.5, 'D-A2': 0.5}","{'D-A1': 0.13333333333333333, 'D-A2': 0.044444444444444446, 'D-C2': 0.044444444444444446, 'D-C3': 0.022222222222222223, 'D-C4': 0.08888888888888889, 'D-D1': 0.022222222222222223, 'D-D2': 0.022222222222222223, 'D-D3': 0.2222222222222222, 'D-D4': 0.1111111111111111, 'D-D5': 0.24444444444444444, 'D-D6': 0.044444444444444446}"
Biological,yeast_transcription,title,,TRUE,664,1066,9,5,17,115,5,10,8,5,17,34,5,10,4269.543692,5394.064748,5772.291098,8674.243657,5421.974535,6640.186977,0.031931015,0.026034095,0.752888179,0.595496482,0.498049907,-0.008204295,"{'Assortative': 0.32142857142857145, 'Core-Periphery': 0.21428571428571427, 'Disassortative': 0.03571428571428571, 'Source-Basin': 0.42857142857142855}","{'Assortative': 0.4, 'Core-Periphery': 0.3, 'Disassortative': 0.1, 'Source-Basin': 0.2}",{'Assortative': 1.0},{'Assortative': 1.0},{'Assortative': 1.0},"{'Assortative': 0.1111111111111111, 'Core-Periphery': 0.3333333333333333, 'Disassortative': 0.3333333333333333, 'Source-Basin': 0.2222222222222222}","{'D-A1': 0.14285714285714285, 'D-A2': 0.17857142857142858, 'D-C2': 0.03571428571428571, 'D-C3': 0.14285714285714285, 'D-C4': 0.03571428571428571, 'D-D2': 0.03571428571428571, 'D-D3': 0.17857142857142858, 'D-D4': 0.03571428571428571, 'D-D5': 0.14285714285714285, 'D-D6': 0.07142857142857142}","{'D-A1': 0.1, 'D-A2': 0.3, 'D-C1': 0.3, 'D-D2': 0.1, 'D-D4': 0.1, 'D-D5': 0.1}","{'D-A1': 0.5661764705882353, 'D-A2': 0.4338235294117647}","{'D-A1': 0.4661319073083779, 'D-A2': 0.533868092691622}","{'D-A1': 0.3, 'D-A2': 0.7}","{'D-A1': 0.1111111111111111, 'D-C1': 0.06666666666666667, 'D-C3': 0.13333333333333333, 'D-C4': 0.13333333333333333, 'D-D1': 0.13333333333333333, 'D-D2': 0.2, 'D-D4': 0.17777777777777778, 'D-D5': 0.044444444444444446}"
Biological,ecoli_transcriptionv1.0,title,,TRUE,329,456,6,3,13,53,1,10,4,3,13,17,1,10,1655.844997,2229.419132,2497.113182,3373.400083,2231.336883,2806.658479,0.018986611,0.153124038,0.734985765,0.641875385,0,-0.005679632,"{'Assortative': 0.5, 'Source-Basin': 0.5}",{'Assortative': 1.0},{'Assortative': 1.0},{'Assortative': 1.0},0,"{'Assortative': 0.4222222222222222, 'Core-Periphery': 0.17777777777777778, 'Disassortative': 0.2, 'Source-Basin': 0.2}","{'D-A1': 0.5, 'D-D3': 0.5}","{'D-A1': 0.6666666666666666, 'D-A2': 0.3333333333333333}","{'D-A1': 0.3717948717948718, 'D-A2': 0.6282051282051282}","{'D-A1': 0.5367647058823529, 'D-A2': 0.4632352941176471}",0,"{'D-A1': 0.3333333333333333, 'D-A2': 0.08888888888888889, 'D-C1': 0.06666666666666667, 'D-C3': 0.1111111111111111, 'D-D1': 0.06666666666666667, 'D-D2': 0.13333333333333333, 'D-D3': 0.022222222222222223, 'D-D4': 0.15555555555555556, 'D-D6': 0.022222222222222223}"
Biological,budapest_connectomeall_20k,title,,FALSE,1015,70654,57,44,4,3,17,10,52,43,4,3,17,10,115267.1983,119499.6945,137128.6545,144814.9159,131826.4133,129293.7009,0.032756785,0.046814547,0.557433253,0.519064501,0.312770783,0.341083905,"{'Assortative': 0.9600301659125189, 'Core-Periphery': 0.0392156862745098, 'Disassortative': 0.0007541478129713424}","{'Assortative': 0.9889258028792912, 'Core-Periphery': 0.01107419712070875}",{'Assortative': 1.0},{'Assortative': 1.0},{'Assortative': 1.0},"{'Assortative': 0.9777777777777777, 'Core-Periphery': 0.022222222222222223}","{'U-A1': 0.9600301659125189, 'U-C1': 0.0392156862745098, 'U-D1': 0.0007541478129713424}","{'U-A1': 0.9889258028792912, 'U-C1': 0.01107419712070875}",{'U-A1': 1.0},{'U-A1': 1.0},{'U-A1': 1.0},"{'U-A1': 0.9777777777777777, 'U-C1': 0.022222222222222223}"
Biological,celegans_2019male_chemical,title,connectivity,TRUE,559,5246,25,18,7,21,16,10,25,18,7,19,16,10,16577.98398,19100.11621,20221.42624,20702.46522,19854.91681,21395.38498,0.051577827,0.085175766,0.526851607,0.465046438,0.496850135,0.374102659,"{'Assortative': 0.8, 'Core-Periphery': 0.05, 'Disassortative': 0.006666666666666667, 'Source-Basin': 0.14333333333333334}","{'Assortative': 0.8888888888888888, 'Core-Periphery': 0.05228758169934641, 'Source-Basin': 0.058823529411764705}",{'Assortative': 1.0},{'Assortative': 1.0},{'Assortative': 1.0},"{'Assortative': 0.8888888888888888, 'Core-Periphery': 0.022222222222222223, 'Source-Basin': 0.08888888888888889}","{'D-A1': 0.6, 'D-A2': 0.2, 'D-C1': 0.01, 'D-C2': 0.03, 'D-C3': 0.0033333333333333335, 'D-C4': 0.006666666666666667, 'D-D2': 0.006666666666666667, 'D-D4': 0.016666666666666666, 'D-D5': 0.1, 'D-D6': 0.02666666666666667}","{'D-A1': 0.6405228758169934, 'D-A2': 0.24836601307189543, 'D-C1': 0.032679738562091505, 'D-C2': 0.013071895424836602, 'D-C4': 0.006535947712418301, 'D-D3': 0.013071895424836602, 'D-D4': 0.006535947712418301, 'D-D5': 0.013071895424836602, 'D-D6': 0.026143790849673203}","{'D-A1': 0.6666666666666666, 'D-A2': 0.3333333333333333}","{'D-A1': 0.5789473684210527, 'D-A2': 0.42105263157894735}","{'D-A1': 0.575, 'D-A2': 0.425}","{'D-A1': 0.6888888888888889, 'D-A2': 0.2, 'D-C2': 0.022222222222222223, 'D-D5': 0.022222222222222223, 'D-D6': 0.06666666666666667}"
Biological,celegans_interactomeswi2007,title,,FALSE,1108,1500,5,2,28,105,2,10,4,2,26,86,2,10,7501.749112,8884.945014,10028.33851,12350.24809,8965.906283,9689.605136,-0.016241778,-0.016555556,0.758980444,0.696798222,0.081461333,0.598038889,"{'Core-Periphery': 0.6666666666666666, 'Disassortative': 0.3333333333333333}",{'Disassortative': 1.0},{'Assortative': 1.0},{'Assortative': 1.0},{'Assortative': 1.0},{'Assortative': 1.0},"{'U-C1': 0.6666666666666666, 'U-D1': 0.3333333333333333}",{'U-D1': 1.0},{'U-A1': 1.0},{'U-A1': 1.0},{'U-A1': 1.0},{'U-A1': 1.0}
Biological,collins_yeast,title,,FALSE,1004,8319,29,25,21,60,26,10,29,24,20,44,26,10,18998.69754,21582.88224,22458.30628,24783.3876,24353.03754,25236.10081,0.164604353,0.17751494,0.760817376,0.746905312,0.680010007,0.688049576,"{'Assortative': 0.9827586206896551, 'Core-Periphery': 0.017241379310344827}","{'Assortative': 0.9891304347826086, 'Core-Periphery': 0.010869565217391304}",{'Assortative': 1.0},{'Assortative': 1.0},{'Assortative': 1.0},{'Assortative': 1.0},"{'U-A1': 0.9827586206896551, 'U-C1': 0.017241379310344827}","{'U-A1': 0.9891304347826086, 'U-C1': 0.010869565217391304}",{'U-A1': 1.0},{'U-A1': 1.0},{'U-A1': 1.0},{'U-A1': 1.0}
Biological,interactome_vidal,title,,FALSE,2783,6007,14,12,29,214,12,10,13,12,26,172,10,10,33975.69715,39110.27195,40322.72774,49897.17475,39636.09516,40663.93326,0.007419941,0.007246872,0.640022105,0.57259856,0.510513052,0.491842088,"{'Assortative': 0.7307692307692307, 'Core-Periphery': 0.21794871794871795, 'Disassortative': 0.05128205128205128}","{'Assortative': 0.8181818181818182, 'Core-Periphery': 0.16666666666666666, 'Disassortative': 0.015151515151515152}",{'Assortative': 1.0},{'Assortative': 1.0},{'Assortative': 1.0},{'Assortative': 1.0},"{'U-A1': 0.7307692307692307, 'U-C1': 0.21794871794871795, 'U-D1': 0.05128205128205128}","{'U-A1': 0.8181818181818182, 'U-C1': 0.16666666666666666, 'U-D1': 0.015151515151515152}",{'U-A1': 1.0},{'U-A1': 1.0},{'U-A1': 1.0},{'U-A1': 1.0}
Biological,interactome_yeast,title,,FALSE,1458,1948,6,2,32,160,8,10,6,2,32,126,8,10,10965.88887,13172.3826,14213.15979,18098.2277,13319.19256,13999.72148,0.026095975,0.002616278,0.818051553,0.748949457,0.392122021,0.633061103,"{'Assortative': 0.6666666666666666, 'Core-Periphery': 0.26666666666666666, 'Disassortative': 0.06666666666666667}",{'Assortative': 1.0},{'Assortative': 1.0},{'Assortative': 1.0},{'Assortative': 1.0},{'Assortative': 1.0},"{'U-A1': 0.6666666666666666, 'U-C1': 0.26666666666666666, 'U-D1': 0.06666666666666667}",{'U-A1': 1.0},{'U-A1': 1.0},{'U-A1': 1.0},{'U-A1': 1.0},{'U-A1': 1.0}
Biological,kegg_metabolicaae,title,,FALSE,880,2368,14,17,16,103,2,10,9,12,15,42,2,10,9650.579654,11325.25322,11832.55869,15563.56359,11506.71978,11932.18302,0.000517773,0.004608359,0.520629443,0.457003317,0.072022602,0.418587678,"{'Assortative': 0.6111111111111112, 'Core-Periphery': 0.3611111111111111, 'Disassortative': 0.027777777777777776}","{'Assortative': 0.5454545454545454, 'Core-Periphery': 0.3333333333333333, 'Disassortative': 0.12121212121212122}",{'Assortative': 1.0},{'Assortative': 1.0},{'Assortative': 1.0},"{'Assortative': 0.9777777777777777, 'Core-Periphery': 0.022222222222222223}","{'U-A1': 0.6111111111111112, 'U-C1': 0.3611111111111111, 'U-D1': 0.027777777777777776}","{'U-A1': 0.5454545454545454, 'U-C1': 0.3333333333333333, 'U-D1': 0.12121212121212122}",{'U-A1': 1.0},{'U-A1': 1.0},{'U-A1': 1.0},"{'U-A1': 0.9777777777777777, 'U-C1': 0.022222222222222223}"
Biological,tree-of-life394,title,,FALSE,786,3874,39,33,20,58,27,10,34,30,20,44,27,10,11944.17243,13835.73416,15066.32932,16168.05322,15554.60787,15313.36932,0.144726276,0.138378109,0.721077819,0.691405433,0.667648773,0.687887746,"{'Assortative': 0.9786096256684492, 'Core-Periphery': 0.017825311942959002, 'Disassortative': 0.0035650623885918}","{'Assortative': 0.9816091954022989, 'Core-Periphery': 0.016091954022988506, 'Disassortative': 0.0022988505747126436}",{'Assortative': 1.0},{'Assortative': 1.0},{'Assortative': 1.0},{'Assortative': 1.0},"{'U-A1': 0.9786096256684492, 'U-C1': 0.017825311942959002, 'U-D1': 0.0035650623885918}","{'U-A1': 0.9816091954022989, 'U-C1': 0.016091954022988506, 'U-D1': 0.0022988505747126436}",{'U-A1': 1.0},{'U-A1': 1.0},{'U-A1': 1.0},{'U-A1': 1.0}
Technological,caida_as20070917,title,,TRUE,8020,36406,60,45,41,468,2,10,44,41,31,245,2,10,135261.2155,157708.6004,176093.0209,249290.764,188126.5661,182729.0251,-0.006944112,-0.007471865,0.540412846,0.495001532,0.033930763,0.396282951,"{'Assortative': 0.7251585623678647, 'Core-Periphery': 0.02959830866807611, 'Disassortative': 0.05919661733615222, 'Source-Basin': 0.18604651162790697}","{'Assortative': 0.7292682926829268, 'Core-Periphery': 0.020731707317073172, 'Disassortative': 0.054878048780487805, 'Source-Basin': 0.1951219512195122}",{'Assortative': 1.0},{'Assortative': 1.0},{'Assortative': 1.0},{'Assortative': 1.0},"{'D-A1': 0.5655391120507399, 'D-A2': 0.15961945031712474, 'D-C1': 0.02959830866807611, 'D-D1': 0.03382663847780127, 'D-D2': 0.02536997885835095, 'D-D5': 0.18604651162790697}","{'D-A1': 0.5365853658536586, 'D-A2': 0.1926829268292683, 'D-C1': 0.020731707317073172, 'D-D1': 0.03170731707317073, 'D-D2': 0.023170731707317073, 'D-D5': 0.1951219512195122}","{'D-A1': 0.25591397849462366, 'D-A2': 0.7440860215053764}","{'D-A1': 0.42967547674807627, 'D-A2': 0.5703245232519237}",{'D-A2': 1.0},"{'D-A1': 0.7333333333333333, 'D-A2': 0.26666666666666666}"
Technological,gnutella04,title,,TRUE,10876,39994,6,10,21,1112,21,10,6,10,21,917,21,10,288059.0486,313746.0294,326932.8751,404484.1554,327590.3866,327053.9525,0.01258556,0.001309188,0.382411052,0.2554965,0.259587513,0.038007529,"{'Core-Periphery': 0.26666666666666666, 'Source-Basin': 0.7333333333333333}","{'Assortative': 0.24444444444444444, 'Core-Periphery': 0.4222222222222222, 'Source-Basin': 0.3333333333333333}",{'Assortative': 1.0},{'Assortative': 1.0},"{'Assortative': 0.9047619047619048, 'Core-Periphery': 0.009523809523809525, 'Source-Basin': 0.08571428571428572}","{'Assortative': 0.4666666666666667, 'Core-Periphery': 0.2, 'Source-Basin': 0.3333333333333333}","{'D-C2': 0.13333333333333333, 'D-C3': 0.06666666666666667, 'D-C4': 0.06666666666666667, 'D-D3': 0.3333333333333333, 'D-D5': 0.3333333333333333, 'D-D6': 0.06666666666666667}","{'D-A1': 0.13333333333333333, 'D-A2': 0.1111111111111111, 'D-C1': 0.044444444444444446, 'D-C2': 0.06666666666666667, 'D-C3': 0.17777777777777778, 'D-C4': 0.13333333333333333, 'D-D3': 0.044444444444444446, 'D-D4': 0.08888888888888889, 'D-D5': 0.2}","{'D-A1': 0.5142857142857142, 'D-A2': 0.4857142857142857}","{'D-A1': 0.4938509855090408, 'D-A2': 0.5061490144909592}","{'D-A1': 0.3476190476190476, 'D-A2': 0.5571428571428572, 'D-C1': 0.004761904761904762, 'D-C2': 0.004761904761904762, 'D-D5': 0.009523809523809525, 'D-D6': 0.0761904761904762}","{'D-A1': 0.37777777777777777, 'D-A2': 0.08888888888888889, 'D-C1': 0.022222222222222223, 'D-C2': 0.13333333333333333, 'D-C4': 0.044444444444444446, 'D-D5': 0.022222222222222223, 'D-D6': 0.3111111111111111}"
Technological,jung,title,,TRUE,6120,138706,110,76,18,334,3,10,74,70,18,114,3,10,208280.1944,214244.1381,288171.2944,422273.0017,334382.4356,379427.268,0.024683996,0.031221522,0.482677775,0.398769912,0.392175103,0.022370902,"{'Assortative': 0.9192891521658645, 'Core-Periphery': 0.053313587560162905, 'Disassortative': 0.0022213994816734544, 'Source-Basin': 0.025175860792299148}","{'Assortative': 0.8621118012422361, 'Core-Periphery': 0.07080745341614907, 'Disassortative': 0.002898550724637681, 'Source-Basin': 0.06418219461697723}","{'Assortative': 0.954248366013072, 'Source-Basin': 0.0457516339869281}","{'Assortative': 0.9941002949852508, 'Core-Periphery': 0.0009315323707498836, 'Source-Basin': 0.004968172643999379}","{'Assortative': 0.6666666666666666, 'Source-Basin': 0.3333333333333333}","{'Assortative': 0.28888888888888886, 'Core-Periphery': 0.37777777777777777, 'Source-Basin': 0.3333333333333333}","{'D-A1': 0.5512773047019622, 'D-A2': 0.36801184746390225, 'D-C1': 0.008515364679748241, 'D-C2': 0.029248426508700482, 'D-C3': 0.00259163272861903, 'D-C4': 0.01295816364309515, 'D-D1': 0.0007404664938911515, 'D-D2': 0.001480932987782303, 'D-D3': 0.00518326545723806, 'D-D4': 0.0037023324694557573, 'D-D5': 0.004442798963346909, 'D-D6': 0.011847463902258423}","{'D-A1': 0.5213250517598343, 'D-A2': 0.3407867494824017, 'D-C1': 0.018633540372670808, 'D-C2': 0.037267080745341616, 'D-C3': 0.002070393374741201, 'D-C4': 0.012836438923395446, 'D-D1': 0.0008281573498964803, 'D-D2': 0.002070393374741201, 'D-D3': 0.011180124223602485, 'D-D4': 0.002484472049689441, 'D-D5': 0.030227743271221533, 'D-D6': 0.020289855072463767}","{'D-A1': 0.4444444444444444, 'D-A2': 0.5098039215686274, 'D-D6': 0.0457516339869281}","{'D-A1': 0.6303369042074212, 'D-A2': 0.36376339077782954, 'D-C2': 0.0007762769756249029, 'D-C4': 0.0001552553951249806, 'D-D3': 0.0001552553951249806, 'D-D6': 0.004812917248874398}","{'D-A1': 0.6666666666666666, 'D-D6': 0.3333333333333333}","{'D-A1': 0.17777777777777778, 'D-A2': 0.1111111111111111, 'D-C1': 0.2222222222222222, 'D-C2': 0.1111111111111111, 'D-C4': 0.044444444444444446, 'D-D3': 0.06666666666666667, 'D-D5': 0.06666666666666667, 'D-D6': 0.2}"
Technological,power,title,,FALSE,4941,6594,15,17,40,417,53,10,15,17,40,377,53,10,44424.80099,53318.76732,53815.5665,74087.01016,55367.33518,56945.11554,0.443205186,0.423003999,0.936262024,0.833444854,0.918601186,0.607538917,"{'Assortative': 0.9428571428571428, 'Core-Periphery': 0.047619047619047616, 'Disassortative': 0.009523809523809525}","{'Assortative': 0.8602941176470589, 'Core-Periphery': 0.11764705882352941, 'Disassortative': 0.022058823529411766}",{'Assortative': 1.0},{'Assortative': 1.0},{'Assortative': 1.0},{'Assortative': 1.0},"{'U-A1': 0.9428571428571428, 'U-C1': 0.047619047619047616, 'U-D1': 0.009523809523809525}","{'U-A1': 0.8602941176470589, 'U-C1': 0.11764705882352941, 'U-D1': 0.022058823529411766}",{'U-A1': 1.0},{'U-A1': 1.0},{'U-A1': 1.0},{'U-A1': 1.0}
Technological,route_views19971108,title,,FALSE,3015,5156,21,17,25,239,1,10,15,14,25,147,1,10,23927.59084,27806.70379,36162.55994,47535.77703,28089.55387,30425.68679,0.003493317,0.008094315,0.198627342,0.168758475,0,0.459865783,"{'Assortative': 0.8, 'Core-Periphery': 0.2}","{'Assortative': 0.8791208791208791, 'Core-Periphery': 0.10989010989010989, 'Disassortative': 0.01098901098901099}","{'Assortative': 0.9533333333333334, 'Core-Periphery': 0.04, 'Disassortative': 0.006666666666666667}","{'Assortative': 0.9333706085173795, 'Core-Periphery': 0.05740378343118069, 'Disassortative': 0.009225608051439753}",0,{'Assortative': 1.0},"{'U-A1': 0.8, 'U-C1': 0.2}","{'U-A1': 0.8791208791208791, 'U-C1': 0.10989010989010989, 'U-D1': 0.01098901098901099}","{'U-A1': 0.9533333333333334, 'U-C1': 0.04, 'U-D1': 0.006666666666666667}","{'U-A1': 0.9333706085173795, 'U-C1': 0.05740378343118069, 'U-D1': 0.009225608051439753}",0,{'U-A1': 1.0}
Technological,software_dependenciesjdk,title,,TRUE,6434,150985,107,74,16,338,4,10,70,67,16,136,4,10,316974.9254,331817.004,305420.7655,432233.6686,353536.4047,410991.5012,0.038277846,0.038166153,0.501442439,0.331219786,0.418690722,0.077092649,"{'Assortative': 0.7979296066252588, 'Core-Periphery': 0.13250517598343686, 'Disassortative': 0.006625258799171843, 'Source-Basin': 0.0629399585921325}","{'Assortative': 0.6928991406603346, 'Core-Periphery': 0.1863410221619177, 'Disassortative': 0.008593396653098146, 'Source-Basin': 0.11216644052464948}","{'Assortative': 0.9416666666666667, 'Source-Basin': 0.058333333333333334}","{'Assortative': 0.9845315904139433, 'Core-Periphery': 0.006318082788671024, 'Source-Basin': 0.009150326797385621}","{'Assortative': 0.6666666666666666, 'Source-Basin': 0.3333333333333333}","{'Assortative': 0.2, 'Core-Periphery': 0.24444444444444444, 'Source-Basin': 0.5555555555555556}","{'D-A1': 0.4244306418219462, 'D-A2': 0.3734989648033126, 'D-C1': 0.028157349896480333, 'D-C2': 0.0650103519668737, 'D-C3': 0.009109730848861283, 'D-C4': 0.030227743271221533, 'D-D1': 0.0012422360248447205, 'D-D2': 0.005383022774327122, 'D-D3': 0.008281573498964804, 'D-D4': 0.015734989648033125, 'D-D5': 0.026915113871635612, 'D-D6': 0.012008281573498964}","{'D-A1': 0.3175033921302578, 'D-A2': 0.3753957485300769, 'D-C1': 0.03573043871551334, 'D-C2': 0.0814111261872456, 'D-C3': 0.009045680687471733, 'D-C4': 0.060153776571687016, 'D-D1': 0.007236544549977386, 'D-D2': 0.0013568521031207597, 'D-D3': 0.004070556309362279, 'D-D4': 0.0438715513342379, 'D-D5': 0.046585255540479424, 'D-D6': 0.017639077340569877}","{'D-A1': 0.49166666666666664, 'D-A2': 0.45, 'D-D6': 0.058333333333333334}","{'D-A1': 0.5711328976034858, 'D-A2': 0.4133986928104575, 'D-C2': 0.003594771241830065, 'D-C4': 0.0027233115468409588, 'D-D3': 0.0010893246187363835, 'D-D6': 0.008061002178649237}","{'D-A1': 0.6666666666666666, 'D-D6': 0.3333333333333333}","{'D-A1': 0.06666666666666667, 'D-A2': 0.13333333333333333, 'D-C1': 0.022222222222222223, 'D-C2': 0.06666666666666667, 'D-C4': 0.15555555555555556, 'D-D3': 0.044444444444444446, 'D-D5': 0.022222222222222223, 'D-D6': 0.4888888888888889}"
Informational,adjnoun,title,,FALSE,112,425,4,1,7,1,1,10,3,1,7,1,1,8,1212.34818,1451.893085,1595.968769,1451.893085,1451.893085,1740.018188,-0.157306574,0,0.289240138,0,0,0.04323045,"{'Core-Periphery': 0.3333333333333333, 'Disassortative': 0.6666666666666666}",0,{'Assortative': 1.0},0,0,"{'Assortative': 0.75, 'Core-Periphery': 0.21428571428571427, 'Disassortative': 0.03571428571428571}","{'U-C1': 0.3333333333333333, 'U-D1': 0.6666666666666666}",0,{'U-A1': 1.0},0,0,"{'U-A1': 0.75, 'U-C1': 0.21428571428571427, 'U-D1': 0.03571428571428571}"
Informational,polblogs,title,,TRUE,1222,19086,31,14,9,86,7,10,28,14,3,9,7,10,56315.09611,61246.24916,63854.45907,78363.18035,63095.47711,64835.21667,0.014030989,0.016176283,0.431761305,0.408887743,0.327267651,0.163736886,"{'Assortative': 0.4312169312169312, 'Core-Periphery': 0.3306878306878307, 'Source-Basin': 0.23809523809523808}","{'Assortative': 0.5934065934065934, 'Core-Periphery': 0.34065934065934067, 'Source-Basin': 0.06593406593406594}",{'Assortative': 1.0},"{'Assortative': 0.9722222222222222, 'Core-Periphery': 0.027777777777777776}",{'Assortative': 1.0},"{'Assortative': 0.4222222222222222, 'Core-Periphery': 0.06666666666666667, 'Source-Basin': 0.5111111111111111}","{'D-A1': 0.2671957671957672, 'D-A2': 0.164021164021164, 'D-C1': 0.09788359788359788, 'D-C2': 0.15343915343915343, 'D-C3': 0.007936507936507936, 'D-C4': 0.07142857142857142, 'D-D3': 0.047619047619047616, 'D-D5': 0.09259259259259259, 'D-D6': 0.09788359788359788}","{'D-A1': 0.1978021978021978, 'D-A2': 0.3956043956043956, 'D-C1': 0.08791208791208792, 'D-C2': 0.21978021978021978, 'D-C4': 0.03296703296703297, 'D-D6': 0.06593406593406594}","{'D-A1': 0.6666666666666666, 'D-A2': 0.3333333333333333}","{'D-A1': 0.7222222222222222, 'D-A2': 0.25, 'D-C2': 0.027777777777777776}","{'D-A1': 0.7142857142857143, 'D-A2': 0.2857142857142857}","{'D-A1': 0.35555555555555557, 'D-A2': 0.06666666666666667, 'D-C2': 0.06666666666666667, 'D-D3': 0.022222222222222223, 'D-D5': 0.15555555555555556, 'D-D6': 0.3333333333333333}"
Informational,polbooks,title,,FALSE,105,441,5,3,5,5,3,10,5,3,5,4,3,9,1099.017137,1343.44038,1361.071277,1358.049084,1352.382126,1478.008735,0.223433137,0.520783521,0.526796962,0.525904844,0.501748243,0.284631918,"{'Assortative': 0.8, 'Core-Periphery': 0.2}",{'Assortative': 1.0},{'Assortative': 1.0},{'Assortative': 1.0},{'Assortative': 1.0},"{'Assortative': 0.8333333333333334, 'Core-Periphery': 0.1388888888888889, 'Disassortative': 0.027777777777777776}","{'U-A1': 0.8, 'U-C1': 0.2}",{'U-A1': 1.0},{'U-A1': 1.0},{'U-A1': 1.0},{'U-A1': 1.0},"{'U-A1': 0.8333333333333334, 'U-C1': 0.1388888888888889, 'U-D1': 0.027777777777777776}"
Informational,webkbwebkb_wisconsin_link1,title,weight,TRUE,280,1106,16,10,13,36,10,10,12,9,12,19,9,10,3432.440893,4407.237306,4590.378683,5260.130161,4884.224234,4719.351913,0.077610924,0.078159127,0.72829596,0.692285353,0.601777525,0.621520436,"{'Assortative': 0.8787878787878788, 'Core-Periphery': 0.07575757575757576, 'Disassortative': 0.030303030303030304, 'Source-Basin': 0.015151515151515152}","{'Assortative': 0.75, 'Disassortative': 0.027777777777777776, 'Source-Basin': 0.2222222222222222}",{'Assortative': 1.0},{'Assortative': 1.0},{'Assortative': 1.0},{'Assortative': 1.0},"{'D-A1': 0.6666666666666666, 'D-A2': 0.21212121212121213, 'D-C1': 0.07575757575757576, 'D-D1': 0.015151515151515152, 'D-D2': 0.015151515151515152, 'D-D5': 0.015151515151515152}","{'D-A1': 0.5833333333333334, 'D-A2': 0.16666666666666666, 'D-D1': 0.027777777777777776, 'D-D5': 0.2222222222222222}","{'D-A1': 0.6515151515151515, 'D-A2': 0.3484848484848485}","{'D-A1': 0.4678362573099415, 'D-A2': 0.5321637426900585}","{'D-A1': 0.3888888888888889, 'D-A2': 0.6111111111111112}","{'D-A1': 0.8444444444444444, 'D-A2': 0.15555555555555556}"
Informational,wiki_science,title,,FALSE,677,6517,32,28,11,28,16,10,30,26,9,17,16,10,16538.82547,18342.59478,20210.35706,20445.93462,19327.24222,20045.09819,0.022433614,0.030925374,0.616523612,0.60089237,0.597985076,0.563188393,"{'Assortative': 0.9540229885057471, 'Core-Periphery': 0.04597701149425287}","{'Assortative': 0.9753846153846154, 'Core-Periphery': 0.024615384615384615}",{'Assortative': 1.0},{'Assortative': 1.0},{'Assortative': 1.0},{'Assortative': 1.0},"{'U-A1': 0.9540229885057471, 'U-C1': 0.04597701149425287}","{'U-A1': 0.9753846153846154, 'U-C1': 0.024615384615384615}",{'U-A1': 1.0},{'U-A1': 1.0},{'U-A1': 1.0},{'U-A1': 1.0}
Informational,word_adjacencydarwin,title,,TRUE,7377,46279,40,27,13,218,2,10,30,23,12,64,2,10,190127.8609,212823.7136,239589.8567,298439.9171,232877.9556,243554.6548,-0.021352004,-0.019674452,0.225060127,0.035939444,0.190991798,0.014127218,"{'Assortative': 0.03218390804597701, 'Core-Periphery': 0.432183908045977, 'Disassortative': 0.18850574712643678, 'Source-Basin': 0.3471264367816092}","{'Assortative': 0.007905138339920948, 'Core-Periphery': 0.41106719367588934, 'Disassortative': 0.24110671936758893, 'Source-Basin': 0.33992094861660077}",{'Assortative': 1.0},{'Assortative': 1.0},{'Assortative': 1.0},"{'Assortative': 0.13333333333333333, 'Core-Periphery': 0.4666666666666667, 'Source-Basin': 0.4}","{'D-A1': 0.016091954022988506, 'D-A2': 0.016091954022988506, 'D-C1': 0.22298850574712645, 'D-C2': 0.05747126436781609, 'D-C3': 0.11954022988505747, 'D-C4': 0.03218390804597701, 'D-D1': 0.09425287356321839, 'D-D2': 0.09425287356321839, 'D-D3': 0.02528735632183908, 'D-D4': 0.07126436781609195, 'D-D5': 0.21839080459770116, 'D-D6': 0.03218390804597701}","{'D-A1': 0.007905138339920948, 'D-C1': 0.18972332015810275, 'D-C2': 0.043478260869565216, 'D-C3': 0.1422924901185771, 'D-C4': 0.03557312252964427, 'D-D1': 0.12648221343873517, 'D-D2': 0.11462450592885376, 'D-D3': 0.019762845849802372, 'D-D4': 0.05928853754940711, 'D-D5': 0.233201581027668, 'D-D6': 0.02766798418972332}","{'D-A1': 0.4696969696969697, 'D-A2': 0.5303030303030303}","{'D-A1': 0.5104166666666666, 'D-A2': 0.4895833333333333}",{'D-A2': 1.0},"{'D-A1': 0.1111111111111111, 'D-A2': 0.022222222222222223, 'D-C1': 0.15555555555555556, 'D-C2': 0.28888888888888886, 'D-C4': 0.022222222222222223, 'D-D3': 0.06666666666666667, 'D-D5': 0.3111111111111111, 'D-D6': 0.022222222222222223}"
Informational,bible_nouns,title,weight,FALSE,1707,9059,75,66,21,121,28,10,47,51,20,85,24,10,38529.09152,41600.14271,42758.15842,48219.19811,43581.4542,43222.01792,0.020717341,0.015330566,0.525592044,0.464729746,0.409104749,0.39221496,"{'Assortative': 0.9777983348751156, 'Core-Periphery': 0.022201665124884366}","{'Assortative': 0.9984313725490196, 'Core-Periphery': 0.001568627450980392}",{'Assortative': 1.0},{'Assortative': 1.0},{'Assortative': 1.0},{'Assortative': 1.0},"{'U-A1': 0.9777983348751156, 'U-C1': 0.022201665124884366}","{'U-A1': 0.9984313725490196, 'U-C1': 0.001568627450980392}",{'U-A1': 1.0},{'U-A1': 1.0},{'U-A1': 1.0},{'U-A1': 1.0}
Informational,dblp_cite,title,,TRUE,12494,49687,72,62,19,627,68,10,68,61,19,428,68,10,275568.4862,296018.7851,310209.4544,412511.8654,312300.7869,345349.1268,0.02356808,0.032750066,0.635151714,0.474863479,0.524892327,0.023101596,"{'Assortative': 0.6395961369622476, 'Core-Periphery': 0.033801580333625986, 'Disassortative': 0.001755926251097454, 'Source-Basin': 0.32484635645302895}","{'Assortative': 0.953551912568306, 'Core-Periphery': 0.014754098360655738, 'Source-Basin': 0.03169398907103825}",{'Assortative': 1.0},"{'Assortative': 0.9998796209153188, 'Core-Periphery': 0.00012037908468121429}","{'Assortative': 0.9982440737489026, 'Source-Basin': 0.001755926251097454}","{'Assortative': 0.15555555555555556, 'Core-Periphery': 0.1111111111111111, 'Source-Basin': 0.7333333333333333}","{'D-A1': 0.3748902546093064, 'D-A2': 0.2647058823529412, 'D-C1': 0.003511852502194908, 'D-C2': 0.02502194907813872, 'D-C4': 0.0052677787532923615, 'D-D1': 0.0004389815627743635, 'D-D2': 0.0013169446883230904, 'D-D3': 0.006584723441615452, 'D-D4': 0.038191395961369626, 'D-D5': 0.18700614574187885, 'D-D6': 0.09306409130816505}","{'D-A1': 0.5262295081967213, 'D-A2': 0.4273224043715847, 'D-C1': 0.002185792349726776, 'D-C2': 0.012021857923497269, 'D-C4': 0.000546448087431694, 'D-D3': 0.001092896174863388, 'D-D5': 0.00546448087431694, 'D-D6': 0.025136612021857924}","{'D-A1': 0.43859649122807015, 'D-A2': 0.5614035087719298}","{'D-A1': 0.42926087242005734, 'D-A2': 0.5706187484952614, 'D-C2': 0.00012037908468121429}","{'D-A1': 0.5184372256365233, 'D-A2': 0.4798068481123793, 'D-D5': 0.000877963125548727, 'D-D6': 0.000877963125548727}","{'D-A1': 0.15555555555555556, 'D-C1': 0.022222222222222223, 'D-C2': 0.08888888888888889, 'D-D3': 0.044444444444444446, 'D-D6': 0.6888888888888889}"